EmpID,Name,Department,Role,Status
1001,Employee_1,Engineering,Staff,Active
1002,Employee_2,Engineering,Staff,Active
1003,Employee_3,Engineering,Staff,Active
1004,Employee_4,Engineering,Staff,Active
1005,Employee_5,Engineering,Staff,Active
1006,Employee_6,Engineering,Staff,Active
1007,Employee_7,Engineering,Staff,Active
1008,Employee_8,Engineering,Staff,Active
1009,Employee_9,Engineering,Staff,Active
1010,Employee_10,Engineering,Staff,Active
1011,Employee_11,Engineering,Staff,Active
1012,Employee_12,Engineering,Staff,Active
1013,Employee_13,Engineering,Staff,Active
1014,Employee_14,Engineering,Staff,Active
1015,Employee_15,Engineering,Staff,Active
1016,Employee_16,Engineering,Staff,Active
1017,Employee_17,Engineering,Staff,Active
1018,Employee_18,Engineering,Staff,Active
1019,Employee_19,Engineering,Staff,Active
1020,Employee_20,Engineering,Staff,Active
1021,Employee_21,Engineering,Staff,Active
1022,Employee_22,Engineering,Staff,Active
1023,Employee_23,Engineering,Staff,Active
1024,Employee_24,Engineering,Staff,Active
1025,Employee_25,Engineering,Staff,Active
1026,Employee_26,Engineering,Staff,Active
1027,Employee_27,Engineering,Staff,Active
1028,Employee_28,Engineering,Staff,Active
1029,Employee_29,Engineering,Staff,Active
1030,Employee_30,Engineering,Staff,Active
1031,Employee_31,Engineering,Staff,Active
1032,Employee_32,Engineering,Staff,Active
1033,Employee_33,Engineering,Staff,Active
1034,Employee_34,Engineering,Staff,Active
1035,Employee_35,Engineering,Staff,Active
1036,Employee_36,Engineering,Staff,Active
1037,Employee_37,Engineering,Staff,Active
1038,Employee_38,Engineering,Staff,Active
1039,Employee_39,Engineering,Staff,Active
1040,Employee_40,Engineering,Staff,Active
1041,Employee_41,Engineering,Staff,Active
1042,Employee_42,Engineering,Staff,Active
1043,Employee_43,Engineering,Staff,Active
1044,Employee_44,Engineering,Staff,Active
1045,Employee_45,Engineering,Staff,Active
1046,Employee_46,Engineering,Staff,Active
1047,Employee_47,Engineering,Staff,Active
1048,Employee_48,Engineering,Staff,Active
1049,Employee_49,Engineering,Staff,Active
